SVC_REQUEST_NUMBER,WORKORDER_NUMBER,WORKORDER_ACTIVITY_CODE,WORKORDER_ACTIVITY_DESCRIPTION,WORKORDER_STARTED,WORKORDER_COMPLETED,WORKORDER_ADDED,TIME_STAMP
860449,895401,SA25,REPAIR CONNECTION,,,2008-07-16T10:00:04.000,2019-07-07T00:45:01.000
168089,100322,SA27,PERFORM OTHER MANHOLE WORK,,,2004-06-01T13:20:07.000,2019-06-29T00:40:55.000
428803,843089280,WA10,RESET/REPLACE VALVE BOX,2019-06-10T08:20:00.000,2019-06-10T11:00:00.000,2006-04-08T23:03:19.000,2019-06-16T00:45:01.000
185634611,842762063,SA26,REPLACE MANHOLE CASTING,2020-02-25T00:45:00.000,2020-02-25T03:00:00.000,5555-09-03T09:13:14.000,2020-02-26T00:45:03.000
895478,842882322,SRL,LINE SEWER (CONTRACTOR),2020-11-29T00:00:00.000,2020-12-13T00:00:00.000,2018-04-23T13:47:23.000,2021-01-10T00:45:01.000
2011048,1780489,WHF,FLUSH HYDRANTS IN AREA,2020-02-17T17:41:00.000,2020-02-17T17:41:00.000,2012-12-02T13:48:23.000,2020-02-18T00:45:01.000
185673001,843073274,SVAC,VACTOR SEWER,2019-05-05T10:45:00.000,2019-05-05T11:45:00.000,2019-05-07T10:25:54.000,2019-05-08T00:45:09.000
185645826,843047233,SRB,REPAIR SEWER BREAK (CONTRACT.),2019-11-14T07:00:00.000,2019-11-17T15:00:00.000,2019-04-03T08:15:43.000,2019-11-24T00:45:08.000
1011746,1006805,SA25,REPAIR CONNECTION,,,2009-02-16T11:18:09.000,2019-07-07T00:45:01.000
185537818,843454743,SCC,CLEAN CATCH BASIN/INLET,2020-06-30T11:40:00.000,2020-06-30T12:45:00.000,2020-08-01T20:54:30.000,2020-08-02T00:45:02.000
185800990,842983717,SDHC,ISSUE DEFECTIVE HOUSE CONNECT.,2019-06-06T10:40:00.000,2019-06-06T11:00:00.000,2018-10-27T10:04:55.000,2019-06-12T00:45:08.000
185801511,843038013,SDHC,ISSUE DEFECTIVE HOUSE CONNECT.,2019-06-06T11:10:00.000,2019-06-06T11:30:00.000,2019-03-10T08:58:48.000,2019-06-12T00:45:08.000
2044719,1797043,SMDT,PERFORM DYE TEST,2012-12-27T19:45:00.000,2022-12-27T21:25:00.000,2012-12-27T23:03:12.000,2020-02-18T00:45:01.000
185582655,842694828,SSF,FLUSH SEWER SECTION,,2019-11-05T14:00:00.000,2017-05-13T14:15:17.000,2019-11-14T00:45:06.000
1065856,1066967,SA25,REPAIR CONNECTION,,,2009-06-17T13:14:09.000,2019-07-07T00:45:01.000
1069857,1062168,SA25,REPAIR CONNECTION,,,2009-06-07T15:57:39.000,2019-07-07T00:45:01.000
1600186,1504131,SA25,REPAIR CONNECTION,2019-07-01T17:00:00.000,2019-07-01T17:30:00.000,2011-09-24T15:50:21.000,2019-07-03T00:45:09.000
2046424,1804493,WHF,FLUSH HYDRANTS IN AREA,2020-02-17T17:43:00.000,2020-02-17T17:43:00.000,2013-01-14T09:22:01.000,2020-02-18T00:45:01.000
1257177,1172097,SA25,REPAIR CONNECTION,,,2009-12-29T12:32:33.000,2019-07-07T00:45:01.000
1391109,1271472,SA25,REPAIR CONNECTION,,,2010-08-09T08:24:12.000,2019-07-07T00:45:01.000
226714,134049,SA26,REPLACE MANHOLE CASTING,2019-07-11T08:00:00.000,2019-07-11T09:00:00.000,2004-11-07T10:16:04.000,2019-07-25T00:45:08.000
184854629,841858735,SA25,REPAIR CONNECTION,,,2013-07-17T11:44:18.000,2019-07-07T00:45:01.000
1174902,1119824,SRB,REPAIR SEWER BREAK (CONTRACT.),2019-09-01T00:00:00.000,2019-09-01T00:00:00.000,2009-09-07T16:07:02.000,2019-09-02T00:45:08.000
1664938,1468460,WA09,REPAIR VALVE- NOTE SIZE,2019-05-28T15:51:00.000,2019-05-28T15:51:00.000,2011-07-11T20:11:10.000,2019-05-29T00:45:03.000
184904740,841893646,SA25,REPAIR CONNECTION,,,2013-09-14T09:12:02.000,2019-07-07T00:45:01.000
1159332,1105472,SA25,REPAIR CONNECTION,2019-12-24T00:00:00.000,2019-12-24T00:00:00.000,2009-08-19T15:57:52.000,2020-01-05T00:45:02.000
1418011,1269531,SRB,REPAIR SEWER BREAK (CONTRACT.),,2019-07-14T17:31:00.000,2010-08-03T12:59:10.000,2019-07-15T00:45:06.000
430623,252588,WA09,REPAIR VALVE- NOTE SIZE,2019-09-10T00:00:00.000,2019-09-10T00:00:00.000,2006-05-05T17:07:11.000,2019-09-11T00:45:08.000
1448262,1304674,SRB,REPAIR SEWER BREAK (CONTRACT.),,2019-07-14T17:29:00.000,1-09-15T16:21:33.000,2019-07-15T00:45:06.000
280999,160597,WA10,RESET/REPLACE VALVE BOX,2005-04-24T12:30:00.000,2019-09-15T15:01:00.000,2005-03-27T16:46:05.000,2019-09-16T00:45:08.000
1799980,1565336,SA25,REPAIR CONNECTION,2019-11-28T00:00:00.000,2019-11-28T00:00:00.000,2012-01-16T17:53:28.000,2019-12-01T00:45:09.000
185046986,842085571,SA25,REPAIR CONNECTION,,,2014-06-09T17:08:11.000,2019-07-07T00:45:01.000
737629,822636,SA25,REPAIR CONNECTION,,2019-11-05T11:00:00.000,2008-02-06T10:23:48.000,2019-11-10T00:45:07.000
184831797,841794996,SSF,FLUSH SEWER SECTION,,2023-05-01T08:35:00.000,2013-05-01T08:27:56.000,2020-02-18T00:45:01.000
185082366,842108663,SA25,REPAIR CONNECTION,,,2014-07-28T09:24:36.000,2019-07-07T00:45:01.000
185840401,842993884,WA14B,REPLACE CUSTODIAN LOCK,2020-03-02T08:15:00.000,2020-03-02T09:00:00.000,2018-11-19T11:06:55.000,2020-03-07T00:45:02.000
1575554,842908773,SRB,REPAIR SEWER BREAK (CONTRACT.),,,2018-06-17T10:11:26.000,2020-11-20T00:45:02.000
185725945,842879393,SA25,REPAIR CONNECTION,2019-12-14T00:00:00.000,2019-12-14T00:00:00.000,2018-04-17T14:06:00.000,2019-12-16T00:46:28.000
1575554,843457767,SRB,REPAIR SEWER BREAK (CONTRACT.),,2020-11-19T14:30:00.000,2020-08-09T11:05:06.000,2020-11-20T00:45:02.000
184960100,841970994,WHF,FLUSH HYDRANTS IN AREA,2020-02-17T17:49:00.000,2020-02-17T17:49:00.000,2013-12-14T09:14:24.000,2020-02-18T00:45:01.000
1902780,1638697,WA10,RESET/REPLACE VALVE BOX,2019-10-29T11:00:00.000,2019-10-29T11:30:00.000,2012-06-05T08:59:24.000,2019-11-07T00:45:08.000
184963463,842001863,WHF,FLUSH HYDRANTS IN AREA,2020-02-17T17:52:00.000,2020-02-17T17:52:00.000,2014-01-24T12:14:50.000,2020-02-18T00:45:01.000
184970233,842001861,WHF,FLUSH HYDRANTS IN AREA,2020-02-17T17:51:00.000,2020-02-17T17:51:00.000,2014-01-24T12:09:05.000,2020-02-18T00:45:01.000
185732254,842880384,SA27,PERFORM OTHER MANHOLE WORK,2019-11-11T12:50:00.000,2019-11-11T14:00:00.000,2018-04-20T10:48:46.000,2019-11-25T00:45:07.000
185896166,843038006,SA26,REPLACE MANHOLE CASTING,2019-05-20T14:00:00.000,2019-05-20T14:00:00.000,2019-03-10T08:44:02.000,2019-05-29T00:45:03.000
185873571,842886828,WA10,RESET/REPLACE VALVE BOX,2018-08-19T03:00:00.000,,2018-04-22T12:20:37.000,2020-10-15T00:45:01.000
185604106,842734428,WA14A,INSTALL CUSTODIAN LOCK,,2019-05-11T11:00:00.000,2017-07-02T17:38:35.000,2019-05-12T00:45:09.000
185374727,842398115,SA26,REPLACE MANHOLE CASTING,2019-07-11T16:00:00.000,2019-07-11T20:30:00.000,2016-01-30T10:06:26.000,2019-07-27T00:45:11.000
185641231,842763911,SA26,REPLACE MANHOLE CASTING,2020-09-14T00:05:00.000,2020-09-14T02:35:00.000,2017-09-07T17:44:15.000,2020-09-16T00:45:03.000
185642170,842767215,SA26,REPLACE MANHOLE CASTING,2020-09-14T00:30:00.000,2020-09-14T00:30:00.000,2017-09-17T16:58:22.000,2020-09-16T00:45:03.000
1871038,1618472,WA12B,RELOCATE HYDRANT BY D.E.P,2019-11-10T12:00:00.000,2019-11-10T13:00:00.000,2012-04-28T10:13:35.000,2019-11-11T00:45:06.000
687966,758088,SA25,REPAIR CONNECTION,,,2007-10-06T12:23:07.000,2019-10-01T00:45:07.000
1077295,1052680,WA09,REPAIR VALVE- NOTE SIZE,2019-09-10T00:00:00.000,2019-09-10T00:00:00.000,2009-05-12T10:20:10.000,2019-09-11T00:45:08.000
278083,158700,WA10,RESET/REPLACE VALVE BOX,2019-09-15T15:04:00.000,2019-09-15T15:04:00.000,2005-03-19T07:13:25.000,2019-09-16T00:45:08.000
185363670,842392638,SA25,REPAIR CONNECTION,,,2016-01-18T14:47:13.000,2020-04-13T00:45:03.000
185786817,842935687,SA25,REPAIR CONNECTION,2020-04-15T11:15:00.000,2020-04-15T11:25:00.000,2018-07-22T11:22:36.000,2020-04-28T00:45:05.000
185529045,843454734,SCC,CLEAN CATCH BASIN/INLET,2020-06-30T08:30:00.000,2020-06-30T11:30:00.000,2020-08-01T20:16:49.000,2020-08-02T00:45:02.000
185135058,842164689,WHF,FLUSH HYDRANTS IN AREA,2020-02-17T17:54:00.000,2020-02-17T17:54:00.000,2014-10-28T10:34:28.000,2020-02-18T00:45:01.000
185898633,843076906,WA02,REPAIR HYDRANT-MAJOR,2019-05-20T08:00:00.000,2019-05-20T14:00:00.000,2019-05-16T10:34:01.000,2019-05-25T00:45:09.000
185236437,842352749,WA12I,APPLY HOT PATCH,2019-12-08T10:05:00.000,2020-12-08T10:20:00.000,2015-05-19T16:56:23.000,2020-02-03T00:45:02.000
185924988,843147718,SA12Z,SEWER OTHER REPAIR,,,2019-10-12T08:49:15.000,2019-12-18T00:45:02.000
185736403,843085144,WA12I,APPLY HOT PATCH,2019-07-17T10:30:00.000,2019-07-17T10:35:00.000,2018-05-16T15:49:12.000,2019-07-21T00:45:08.000
185535341,843454705,SCC,CLEAN CATCH BASIN/INLET,2020-07-01T09:25:00.000,2020-07-01T10:50:00.000,2020-08-01T18:24:28.000,2020-08-02T00:45:02.000
185900539,843040869,WA10,RESET/REPLACE VALVE BOX,,,2019-03-18T10:19:17.000,2021-09-15T00:45:15.000
1829273,1577629,SGS,GUNITE SEWER,,2020-09-03T11:14:00.000,2012-02-14T09:51:44.000,2020-09-04T00:45:04.000
185900425,843049541,WA04,REPAIR INOPERATIVE HYDRANT,2019-05-20T09:25:00.000,2019-05-20T10:10:00.000,2019-04-09T10:12:14.000,2019-05-28T00:45:08.000
185730229,843073003,SCC,CLEAN CATCH BASIN/INLET,2019-05-02T10:10:00.000,2019-05-02T11:05:00.000,2019-05-06T14:07:36.000,2019-05-07T00:45:07.000
185734380,842883076,SA24,REPAIR BASIN-MAJOR,,2019-05-02T10:39:00.000,2018-04-25T09:50:55.000,2019-05-03T00:45:11.000
185633451,843079466,SRL,LINE SEWER (CONTRACTOR),,,2019-05-20T09:05:17.000,2019-07-02T00:45:13.000
185633451,843079470,SRL,LINE SEWER (CONTRACTOR),,,2019-05-20T09:09:18.000,2019-07-02T00:45:13.000
185073840,842101351,SA26,REPLACE MANHOLE CASTING,2020-03-01T16:00:00.000,2020-03-01T19:30:00.000,2014-07-10T15:11:30.000,2020-03-05T00:45:02.000
184916933,841889576,WA10,RESET/REPLACE VALVE BOX,2013-09-21T21:00:00.000,2021-07-24T07:00:00.000,2013-09-10T10:36:30.000,2021-07-25T00:45:02.000
1573059,1513720,SRB,REPAIR SEWER BREAK (CONTRACT.),2019-09-01T00:00:00.000,2019-09-01T00:00:00.000,2011-10-14T18:38:36.000,2019-09-02T00:45:08.000
185740959,842891376,SA23,REPAIR BASIN-MINOR,2019-05-02T16:15:00.000,2019-05-02T17:15:00.000,2018-05-08T15:11:52.000,2019-05-05T00:45:08.000
184959640,843007118,SRL,LINE SEWER (CONTRACTOR),2019-05-19T00:00:00.000,2019-06-29T00:00:00.000,2018-12-22T13:31:26.000,2019-07-10T00:45:08.000
185108060,842724005,SPLATE,Install Steel Plate,2020-02-18T09:55:00.000,2020-02-18T10:05:00.000,2014-09-05T10:30:24.000,2020-03-01T00:45:01.000
185121491,842142916,SA26,REPLACE MANHOLE CASTING,2020-03-06T01:00:00.000,2020-03-06T01:00:00.000,2014-09-26T22:38:01.000,2020-04-15T00:45:04.000
185362066,842385822,SA26,REPLACE MANHOLE CASTING,2019-08-13T18:30:00.000,2019-08-13T18:30:00.000,2016-01-05T10:49:37.000,2019-08-24T00:45:39.000
786636,846906,SA25,REPAIR CONNECTION,,,2008-04-10T14:52:54.000,2019-10-01T00:45:07.000
185753111,842899596,SA27,PERFORM OTHER MANHOLE WORK,2020-01-19T07:50:00.000,2020-01-19T08:00:00.000,2018-05-28T09:10:25.000,2020-02-12T00:45:02.000
1745138,1520329,SA25,REPAIR CONNECTION,2014-06-15T00:00:00.000,2019-12-01T00:00:00.000,2011-10-25T17:32:31.000,2019-12-02T00:45:09.000
185395701,842442770,SA26,REPLACE MANHOLE CASTING,9999-03-07T08:30:00.000,2020-03-07T11:00:00.000,2016-04-02T10:34:29.000,2020-04-15T00:45:04.000
185869375,843019155,WA10,RESET/REPLACE VALVE BOX,2019-06-20T11:15:00.000,2019-06-20T12:15:00.000,2019-01-25T10:25:59.000,2019-06-22T00:45:09.000
185406229,842453314,WA10,RESET/REPLACE VALVE BOX,2020-02-02T16:00:00.000,2020-02-02T19:00:00.000,2016-04-25T14:04:44.000,2020-02-05T00:45:02.000
185827327,842978809,WA12A,RESTORE CEMENT AROUND HYDRANT,2019-12-31T17:00:00.000,2019-12-31T19:00:00.000,2018-10-15T11:37:05.000,2020-01-06T00:45:01.000
185902687,843075276,WA04,REPAIR INOPERATIVE HYDRANT,2019-05-19T09:35:00.000,2019-05-20T10:30:00.000,2019-05-13T08:39:09.000,2019-05-31T00:45:08.000
185899419,843040285,WA10,RESET/REPLACE VALVE BOX,,,2019-03-17T08:57:01.000,2019-05-27T00:45:08.000
185877336,843251840,SCC,CLEAN CATCH BASIN/INLET,2019-03-08T08:30:00.000,2020-03-08T09:45:00.000,2020-04-11T21:58:10.000,2020-04-12T00:45:02.000
185809462,843204490,SRB,REPAIR SEWER BREAK (CONTRACT.),2020-02-17T07:00:00.000,2020-02-25T15:00:00.000,2020-01-29T09:00:41.000,2020-03-02T00:45:03.000
185839652,843075852,WA12A,RESTORE CEMENT AROUND HYDRANT,,,2018-11-19T10:35:28.000,2019-05-15T00:45:08.000
186001025,843497426,SRB,REPAIR SEWER BREAK (CONTRACT.),,,2020-10-14T11:16:44.000,2021-08-08T00:45:02.000
185837981,842987632,WA12F,APPLY COLD PATCH,2019-05-11T06:00:00.000,2019-05-11T06:30:00.000,2018-11-03T17:14:04.000,2019-05-12T00:45:09.000
185849012,843038259,SRB,REPAIR SEWER BREAK (CONTRACT.),2020-02-29T07:00:00.000,2020-03-17T15:00:00.000,2019-03-10T15:07:16.000,2020-04-27T00:45:01.000
1748784,1518793,SA25,REPAIR CONNECTION,,,2011-10-23T19:28:11.000,2019-11-10T00:45:07.000
185926711,843077268,WA06A,SHUT TAP/WET CON. /NON-COMP.,2019-05-29T08:00:00.000,2019-05-29T13:00:00.000,2019-05-18T07:37:21.000,2019-06-02T00:45:08.000
185595794,842733412,SA25,REPAIR CONNECTION,,,2017-06-30T14:49:18.000,2019-11-10T00:45:07.000
185670238,842795951,SA26,REPLACE MANHOLE CASTING,2019-07-11T01:00:00.000,2019-07-11T01:10:00.000,2017-11-25T08:06:35.000,2019-07-14T00:46:02.000
185599276,842752220,SA25,REPAIR CONNECTION,,,2017-08-06T10:09:57.000,2019-11-10T00:45:07.000
185728288,842877752,WA12I,APPLY HOT PATCH,2019-07-14T13:00:00.000,2019-07-14T13:30:00.000,2018-04-11T00:03:22.000,2019-07-16T00:45:12.000
185807441,843145368,WA12I,APPLY HOT PATCH,2020-05-19T11:20:00.000,2020-05-19T11:45:00.000,2018-08-29T08:39:50.000,2020-05-24T00:45:02.000
185821732,843085146,WA12I,APPLY HOT PATCH,2019-07-17T10:40:00.000,2019-07-17T11:05:00.000,2018-09-30T08:08:52.000,2019-07-21T00:45:08.000
185737790,843010807,SRB,REPAIR SEWER BREAK (CONTRACT.),2019-06-26T07:00:00.000,2019-07-24T15:00:00.000,2019-01-06T07:58:16.000,2019-08-04T00:45:09.000
185674706,842825078,SA23,REPAIR BASIN-MINOR,2019-07-11T01:15:00.000,2019-07-11T02:50:00.000,2018-01-03T12:19:40.000,2019-08-10T00:45:08.000
185818219,843108333,CCTV,CLOSE CIRCUIT TV,,,2019-07-20T09:41:01.000,2019-07-21T00:45:08.000
185653025,843040342,SRB,REPAIR SEWER BREAK (CONTRACT.),2019-07-24T07:00:00.000,2019-08-13T15:00:00.000,2019-03-17T10:33:46.000,2019-09-23T00:45:07.000
1047116,1038862,SA25,REPAIR CONNECTION,,,2009-04-19T14:22:41.000,2019-10-01T00:45:07.000
1059664,1054581,SA25,REPAIR CONNECTION,,,2009-05-18T13:55:09.000,2019-10-01T00:45:07.000
1088352,1060372,SA25,REPAIR CONNECTION,,,2009-06-02T15:20:21.000,2019-10-01T00:45:07.000
1401968,1274263,SA25,REPAIR CONNECTION,,,2010-08-17T08:00:02.000,2020-04-16T00:45:03.000
186058671,843219920,SCC,CLEAN CATCH BASIN/INLET,2020-01-09T08:55:00.000,2020-01-09T09:45:00.000,2020-02-19T12:01:08.000,2020-02-20T00:45:01.000
185393372,842437073,SA26,REPLACE MANHOLE CASTING,2020-03-07T11:15:00.000,2020-03-07T13:30:00.000,2016-03-22T08:28:15.000,2020-04-15T00:45:04.000
185679684,842819953,SA26,REPLACE MANHOLE CASTING,,,2017-12-22T19:59:15.000,2019-07-12T00:45:56.000
185899209,843041080,SCCP,RESET CURB PIECE,2020-03-13T10:40:00.000,2020-03-13T11:00:00.000,2019-03-18T13:55:48.000,2020-04-20T00:45:03.000
185983169,843114108,SA21,REPLACE CURB PIECE,2020-01-03T00:15:00.000,2020-01-03T02:45:00.000,2019-08-07T10:00:21.000,2020-01-12T00:45:01.000
1618072,1418784,SRB,REPAIR SEWER BREAK (CONTRACT.),,2021-01-14T16:17:00.000,2011-05-19T09:58:01.000,2021-01-15T00:45:01.000
185959815,843101415,SA24,REPAIR BASIN-MAJOR,2019-12-13T08:00:00.000,2019-12-13T13:30:00.000,2019-06-29T23:25:53.000,2019-12-15T00:45:10.000
186026743,843154182,WA09,REPAIR VALVE- NOTE SIZE,2019-11-18T07:00:00.000,2019-11-24T15:00:00.000,2019-10-19T10:29:04.000,2019-12-10T00:45:02.000
185813317,842962521,SA26,REPLACE MANHOLE CASTING,2019-05-05T08:00:00.000,2019-05-05T14:00:00.000,2018-09-11T16:13:56.000,2019-05-09T00:45:08.000
185851241,843001110,WA02,REPAIR HYDRANT-MAJOR,2019-05-11T08:00:00.000,2019-05-11T14:00:00.000,2018-12-05T11:24:42.000,2019-05-13T00:45:10.000
186037881,843165481,WA04,REPAIR INOPERATIVE HYDRANT,2020-01-06T10:30:00.000,2020-01-06T11:15:00.000,2019-11-11T06:01:35.000,2020-01-13T00:45:02.000
185415913,842469594,SA26,REPLACE MANHOLE CASTING,2020-01-25T00:20:00.000,2020-01-25T00:40:00.000,2016-05-30T09:00:19.000,2020-01-27T00:45:02.000
185677305,842809329,SA26,REPLACE MANHOLE CASTING,2019-11-01T21:00:00.000,2019-11-01T22:00:00.000,2017-12-15T08:29:42.000,2019-11-04T00:45:11.000
185785952,842969639,SA24,REPAIR BASIN-MAJOR,2022-10-08T10:45:00.000,2022-10-08T10:50:00.000,2018-09-30T10:05:08.000,2022-10-10T00:50:01.000
185857880,843078719,SMCR,REPLACE DAMAGED/MISSING COVER,2019-05-14T10:50:00.000,2019-05-14T11:45:00.000,2019-05-19T09:31:47.000,2019-05-20T00:45:09.000
1432457,1301968,SA25,REPAIR CONNECTION,2020-04-16T07:05:00.000,2020-04-16T07:15:00.000,2010-09-08T10:01:13.000,2020-04-28T00:45:05.000
185644592,842768355,SA26,REPLACE MANHOLE CASTING,2019-09-16T00:00:00.000,2019-09-16T00:00:00.000,2017-09-20T08:50:05.000,2019-09-17T00:45:09.000
185856231,843079693,SVAC,VACTOR SEWER,2019-05-11T07:00:00.000,2019-05-11T08:30:00.000,2019-05-20T13:56:52.000,2019-05-21T00:45:09.000
185799080,842944397,SA24,REPAIR BASIN-MAJOR,2019-05-02T17:20:00.000,2019-05-02T22:20:00.000,2018-08-11T15:36:59.000,2019-05-05T00:45:08.000
185694605,842964459,SRL,LINE SEWER (CONTRACTOR),,,2018-09-17T10:32:57.000,2019-07-02T00:45:13.000
1454110,1309976,SA25,REPAIR CONNECTION,,,2010-09-29T13:48:11.000,2019-11-10T00:45:07.000
185967037,843115796,SA12R,CAVE IN RESTORATION,2019-08-14T19:00:00.000,2019-08-14T21:00:00.000,2019-08-12T13:05:07.000,2019-08-18T00:45:07.000
185676855,842818955,SA12R,CAVE IN RESTORATION,2019-09-15T11:40:00.000,2019-09-15T11:45:00.000,2017-12-20T09:11:30.000,2019-09-25T00:45:09.000
186306842,843839805,SRB,REPAIR SEWER BREAK (CONTRACT.),,,2021-09-08T13:17:44.000,2021-09-09T00:45:02.000
1406024,1266029,SA25,REPAIR CONNECTION,2020-03-15T11:55:00.000,2020-03-15T12:05:00.000,2010-07-25T15:57:56.000,2020-03-16T00:45:02.000
1961489,1713331,SA24,REPAIR BASIN-MAJOR,,2019-11-04T00:00:00.000,2012-08-25T12:29:35.000,2019-11-06T00:45:11.000
186041733,843247532,WA12I,APPLY HOT PATCH,2020-07-15T12:35:00.000,2020-07-15T13:00:00.000,2020-04-01T17:20:47.000,2020-07-21T00:45:05.000
185907074,843086836,SMPC,POLE CAMERA,2019-05-20T08:45:00.000,2019-05-20T09:20:00.000,2019-06-06T12:16:42.000,2019-06-07T00:45:10.000
185847272,843086787,SVAC,VACTOR SEWER,2019-05-08T07:00:00.000,2019-05-08T15:30:00.000,2019-06-06T09:44:58.000,2019-06-16T00:45:01.000
185592134,842955121,SRL,LINE SEWER (CONTRACTOR),2020-01-25T00:00:00.000,2020-02-03T00:00:00.000,2018-09-03T15:23:10.000,2020-03-05T00:45:02.000
186040864,843168041,WA03,INSTALL TOP SECTION,2020-01-06T17:15:00.000,2020-01-06T17:00:00.000,2019-11-17T11:38:13.000,2020-01-13T00:45:02.000
185722182,842878660,SA23,REPAIR BASIN-MINOR,2019-07-11T13:00:00.000,2019-07-11T14:00:00.000,2018-04-16T13:41:02.000,2019-07-15T00:45:06.000
186060766,843195473,SCF,FLUSH CATCH BASIN/CONNECTION,2020-01-09T13:15:00.000,2020-01-09T13:45:00.000,2020-01-11T11:20:56.000,2020-01-12T00:45:01.000
185416211,842466086,WA10,RESET/REPLACE VALVE BOX,2016-05-29T03:00:00.000,2022-09-25T19:05:00.000,2016-05-20T09:17:14.000,2022-09-27T00:50:02.000
185928347,843079691,WA06A,SHUT TAP/WET CON. /NON-COMP.,2019-05-30T00:00:00.000,2019-05-30T00:00:00.000,2019-05-20T13:56:33.000,2019-06-02T00:45:08.000
185625992,842751060,SCTV,TV CATCH BASIN CONNECTION,2020-02-02T11:00:00.000,2020-02-02T11:00:00.000,2017-07-30T10:15:00.000,2020-02-08T00:45:02.000
186086453,843271801,SCC,CLEAN CATCH BASIN/INLET,2020-04-15T08:45:00.000,2020-04-15T09:50:00.000,2020-05-20T18:25:11.000,2020-05-21T00:45:05.000
185853762,843082323,SMPC,POLE CAMERA,2019-05-17T14:10:00.000,2019-05-17T14:40:00.000,2019-05-26T18:04:27.000,2019-05-27T00:45:08.000
185788753,843096230,WA12Z,OTHER REPAIR,2019-06-17T12:00:00.000,2019-06-17T13:00:00.000,2018-08-07T11:50:19.000,2019-06-23T00:45:07.000
185707676,842848150,SA26,REPLACE MANHOLE CASTING,2019-10-29T17:45:00.000,2019-10-29T22:45:00.000,2018-03-03T10:46:10.000,2019-11-03T00:45:09.000
186130869,843819779,SRB,REPAIR SEWER BREAK (CONTRACT.),,,2021-07-27T15:03:59.000,2021-07-28T00:45:01.000
185725261,842873190,SA23,REPAIR BASIN-MINOR,,2019-07-12T00:00:00.000,2018-04-04T09:53:32.000,2019-07-15T00:45:06.000
185918731,843055506,WA04,REPAIR INOPERATIVE HYDRANT,2019-05-27T14:15:00.000,2019-05-27T00:00:00.000,2019-04-24T11:37:12.000,2019-05-29T00:45:03.000
185814075,842966552,SA23,REPAIR BASIN-MINOR,,2019-05-02T08:00:00.000,2018-09-22T12:32:04.000,2019-05-05T00:45:08.000
185101381,842188414,SA25,REPAIR CONNECTION,,,2014-12-16T10:05:43.000,2019-11-10T00:45:07.000
185758862,842949172,SA24,REPAIR BASIN-MAJOR,,2019-06-24T00:00:00.000,2018-08-21T15:07:37.000,2019-06-30T00:45:09.000
185767118,843106933,SA12R,CAVE IN RESTORATION,2019-07-14T14:15:00.000,2019-25-14T14:40:00.000,2019-07-15T09:24:17.000,2019-07-16T00:45:12.000
185919251,843071840,SRB,REPAIR SEWER BREAK (CONTRACT.),2019-05-27T00:00:00.000,2019-05-27T00:00:00.000,2019-05-04T10:38:10.000,2019-06-26T00:45:06.000
185972833,843117250,SMPC,POLE CAMERA,2019-08-02T11:45:00.000,2019-08-02T12:30:00.000,2019-08-17T09:33:27.000,2019-08-18T00:45:07.000
185858083,843073716,SMRTV,REEL TV SEWER HOUSE CONNECTION,,,2019-05-08T11:01:23.000,2019-05-09T00:45:08.000
185835645,843073268,SVAC,VACTOR SEWER,2019-05-05T09:15:00.000,2019-05-05T10:30:00.000,5555-05-07T10:18:45.000,2019-05-08T00:45:09.000
185119600,842142546,WA10,RESET/REPLACE VALVE BOX,2019-10-27T16:58:00.000,2019-10-27T16:58:00.000,2014-09-24T16:56:27.000,2019-10-28T00:45:05.000
1710703,1512137,SA25,REPAIR CONNECTION,,,2011-10-10T18:37:22.000,2019-10-01T00:45:07.000
1746723,1563109,SA25,REPAIR CONNECTION,,,2012-01-11T21:58:50.000,2019-10-01T00:45:07.000
185799636,843006721,SA24,REPAIR BASIN-MAJOR,,2019-06-18T00:00:00.000,2018-12-20T10:54:57.000,2019-06-23T00:45:07.000
185868409,843016173,SCSBUI,CHRONIC SBU INSPECTION AREA,,2020-05-02T09:10:00.000,2019-01-16T09:29:18.000,2020-05-03T00:45:02.000
185934897,843077386,SA26,REPLACE MANHOLE CASTING,2019-11-08T00:45:00.000,2019-11-08T04:15:00.000,2019-05-18T11:07:47.000,2019-11-25T00:45:07.000
185909214,843054406,WA06J,REPAIR JOINT LEAK,2019-05-15T08:30:00.000,,2019-04-22T09:33:32.000,2019-05-21T00:45:09.000
185721978,843095716,SA24,REPAIR BASIN-MAJOR,2019-07-01T00:00:00.000,2019-07-01T05:00:00.000,2019-06-17T14:44:55.000,2019-07-06T00:45:08.000
186015120,843141581,SA24,REPAIR BASIN-MAJOR,2020-01-06T16:30:00.000,2020-01-06T21:00:00.000,2019-09-28T09:48:50.000,2020-01-08T00:45:02.000
185730825,842878342,SA23,REPAIR BASIN-MINOR,2019-07-11T10:25:00.000,2019-07-11T12:15:00.000,2018-04-16T01:14:50.000,2019-08-10T00:45:08.000
185692604,842832322,SA26,REPLACE MANHOLE CASTING,2019-09-16T00:00:00.000,2019-09-16T00:00:00.000,2018-01-24T09:41:57.000,2019-09-17T00:45:09.000
185696068,842834388,SA26,REPLACE MANHOLE CASTING,2019-09-16T00:00:00.000,2019-09-16T00:00:00.000,2018-01-29T18:02:40.000,2019-09-17T00:45:09.000
186047917,843176679,WA10,RESET/REPLACE VALVE BOX,2019-12-17T11:45:00.000,2019-12-17T12:15:00.000,2019-12-01T14:22:04.000,2019-12-19T00:45:02.000
185909049,843508252,WA12I,APPLY HOT PATCH,2020-12-23T14:05:00.000,2020-12-23T14:45:00.000,2020-11-01T11:10:03.000,2021-01-31T00:45:02.000
186045347,843195028,SCR,ROD CATCH BASIN CONNECTION,2020-01-06T10:45:00.000,2020-01-06T12:10:00.000,2020-01-08T12:27:26.000,2020-01-09T00:45:02.000
185889415,843147867,WA12I,APPLY HOT PATCH,2020-05-26T13:35:00.000,2020-05-26T13:40:00.000,2019-04-05T11:34:42.000,2020-06-02T00:45:06.000
185630039,843193648,SA26,REPLACE MANHOLE CASTING,2020-01-25T01:00:00.000,2020-01-25T06:00:00.000,2020-01-05T11:50:37.000,2020-01-27T00:45:02.000
185909686,843049539,WA05,REPAIR OPERATIVE HYDRANT,2019-05-20T13:10:00.000,2019-05-20T14:10:00.000,2019-04-09T10:08:58.000,2019-05-23T00:45:05.000
185842473,843017788,WA03,INSTALL TOP SECTION,2019-05-05T09:20:00.000,2019-05-05T09:45:00.000,2019-01-21T09:42:25.000,2019-05-08T00:45:09.000
185630039,843203379,WA12I,APPLY HOT PATCH,,,2020-01-25T22:45:03.000,2020-01-26T00:45:02.000
185875802,843225566,SA35,LOCATE& RAISE BURIED MH COVER,,,2020-02-25T10:54:56.000,2020-03-25T00:45:02.000
185846135,843014860,WA04,REPAIR INOPERATIVE HYDRANT,2019-05-05T11:50:00.000,2019-05-05T12:20:00.000,2019-01-13T10:34:45.000,2019-05-08T00:45:09.000
185844786,843133333,WA12I,APPLY HOT PATCH,2020-03-15T11:35:00.000,2020-03-15T12:15:00.000,2018-11-26T11:07:02.000,2020-03-17T00:45:02.000
185901607,843040730,SA24,REPAIR BASIN-MAJOR,2019-06-06T07:50:00.000,2019-06-06T10:50:00.000,2019-03-18T03:24:18.000,2019-06-09T00:45:09.000
185725986,842875097,SA23,REPAIR BASIN-MINOR,,2019-09-03T00:00:00.000,2018-04-08T13:48:05.000,2019-09-09T00:45:09.000
184855079,841840973,SA27,PERFORM OTHER MANHOLE WORK,2019-09-26T08:00:00.000,2019-09-26T11:00:00.000,2013-06-24T10:49:16.000,2019-09-29T00:45:07.000
1758211,1634990,SA25,REPAIR CONNECTION,,,2012-05-28T18:00:47.000,2019-10-01T00:45:07.000
1775443,1563281,SA25,REPAIR CONNECTION,,,2012-01-12T15:45:28.000,2019-10-01T00:45:07.000
1790207,1634976,SA25,REPAIR CONNECTION,,,2012-05-28T17:33:02.000,2019-10-01T00:45:07.000
1796441,1636309,SA25,REPAIR CONNECTION,,,2012-05-31T09:37:30.000,2019-10-01T00:45:07.000
1860546,1624702,SA25,REPAIR CONNECTION,,,2012-05-07T09:46:11.000,2019-10-01T00:45:07.000
1876596,1621813,SA25,REPAIR CONNECTION,,,2012-04-30T18:31:28.000,2019-10-01T00:45:07.000
186049996,843177936,WA03,INSTALL TOP SECTION,2019-12-10T10:30:00.000,2019-12-17T09:40:00.000,2019-12-04T05:28:02.000,2019-12-22T00:45:01.000
185902010,843043397,SDHC,ISSUE DEFECTIVE HOUSE CONNECT.,2019-06-06T09:20:00.000,2019-06-06T09:30:00.000,2019-03-25T10:17:54.000,2019-06-12T00:45:08.000
185785500,842941270,SA24,REPAIR BASIN-MAJOR,,2019-07-25T00:00:00.000,2018-08-04T11:52:58.000,2019-08-07T00:45:08.000
185785831,843083350,WA12I,APPLY HOT PATCH,2019-07-14T10:50:00.000,2019-07-14T11:30:00.000,2018-07-28T17:39:45.000,2019-07-16T00:45:12.000
185786750,843103794,WA12I,APPLY HOT PATCH,2019-07-14T13:50:00.000,2019-07-14T14:15:00.000,2018-08-25T12:40:47.000,2019-07-16T00:45:12.000
185613867,842744025,WA14A,INSTALL CUSTODIAN LOCK,,2019-05-13T20:10:00.000,2017-07-18T11:38:09.000,2019-05-14T00:45:08.000
185921498,843104755,WA12I,APPLY HOT PATCH,2020-12-23T10:45:00.000,2020-12-23T11:10:00.000,2019-07-08T09:40:44.000,2021-01-31T00:45:02.000
185631393,842757522,WA14B,REPLACE CUSTODIAN LOCK,,2019-10-14T19:34:00.000,2017-08-20T10:21:36.000,2019-10-15T00:45:08.000
186061331,843195237,WLDSC,SCAN WATER MAINS- LEAK DET.,2020-01-09T10:00:00.000,2020-01-09T11:00:00.000,2020-01-10T07:17:34.000,2020-01-11T00:45:02.000
186041733,843169492,SA23,REPAIR BASIN-MINOR,,,2019-11-19T14:49:55.000,2019-11-22T00:45:09.000
185675543,842808321,SA24,REPAIR BASIN-MAJOR,,2020-08-02T10:41:00.000,2017-12-12T09:51:55.000,2020-08-03T00:45:07.000
185633432,843053696,SRL,LINE SEWER (CONTRACTOR),2019-05-07T00:00:00.000,2019-05-14T00:00:00.000,2019-04-20T14:48:08.000,2019-06-26T00:45:06.000
186186324,843473787,SVAC,VACTOR SEWER,2020-09-01T07:00:00.000,2020-09-01T15:00:00.000,2020-09-02T09:00:07.000,2020-09-16T00:45:03.000
185994278,843125581,SMPC,POLE CAMERA,2019-09-10T10:00:00.000,2019-09-10T10:30:00.000,2019-08-31T14:18:46.000,2019-09-12T00:45:09.000
186022170,843154855,SA26,REPLACE MANHOLE CASTING,2019-12-28T11:55:00.000,2019-12-28T12:05:00.000,2019-10-20T11:52:53.000,2020-01-13T00:45:02.000
185959790,843109733,WA10,RESET/REPLACE VALVE BOX,2020-03-02T08:10:00.000,2020-03-02T13:35:00.000,2019-07-24T05:31:51.000,2020-03-05T00:45:02.000
1982151,1726754,SA26,REPLACE MANHOLE CASTING,2019-09-02T09:15:00.000,2019-09-02T09:15:00.000,2012-09-24T11:56:58.000,2019-09-08T00:45:09.000
185766284,842909491,SA23,REPAIR BASIN-MINOR,,2019-07-12T00:00:00.000,2018-06-18T13:48:35.000,2019-07-15T00:45:06.000
185385285,842428519,SA26,REPLACE MANHOLE CASTING,,,2016-03-02T11:09:36.000,2019-08-13T00:45:08.000
185431242,843111187,WA12I,APPLY HOT PATCH,2019-07-28T10:25:00.000,2019-07-28T10:50:00.000,2019-07-29T08:35:32.000,2019-07-30T00:45:09.000
185538140,843454739,SCC,CLEAN CATCH BASIN/INLET,2020-07-04T12:05:00.000,2020-07-04T12:55:00.000,2020-08-01T20:41:25.000,2020-08-02T00:45:02.000
185868348,843016486,SA12R,CAVE IN RESTORATION,2019-02-04T20:00:00.000,2020-04-07T08:50:00.000,2019-01-16T15:17:11.000,2020-04-19T00:45:04.000
185758608,842905189,WA14A,INSTALL CUSTODIAN LOCK,,2019-05-13T20:09:00.000,2018-06-09T10:07:53.000,2019-05-14T00:45:08.000
185909214,843261862,WL3D,ISSUE 3-DAY NOTICE,2020-05-02T11:40:00.000,2020-06-09T20:05:00.000,2020-05-03T10:12:53.000,2020-06-17T00:45:04.000
185894119,843052853,WA05,REPAIR OPERATIVE HYDRANT,2019-05-21T13:00:00.000,2019-05-21T13:35:00.000,2019-04-17T13:15:59.000,2019-05-27T00:45:08.000
1988396,1732200,SA25,REPAIR CONNECTION,2022-09-07T17:24:00.000,2022-09-07T17:25:00.000,2012-10-04T22:44:51.000,2022-09-08T00:50:02.000
2107641,841795825,SA25,REPAIR CONNECTION,,,2013-05-04T12:17:30.000,2019-10-01T00:45:07.000
184830210,841812660,SA25,REPAIR CONNECTION,,,2013-05-15T12:17:02.000,2019-10-01T00:45:07.000
186059638,843201473,SCR,ROD CATCH BASIN CONNECTION,2020-01-06T08:15:00.000,2020-01-06T09:00:00.000,2020-01-19T12:37:59.000,2020-01-20T00:45:02.000
185824736,842974247,WA10,RESET/REPLACE VALVE BOX,2019-06-17T12:30:00.000,2019-06-17T13:30:00.000,2018-10-05T09:04:19.000,2019-06-23T00:45:07.000
185820349,843085673,WA12I,APPLY HOT PATCH,2019-07-21T09:25:00.000,2019-07-21T09:30:00.000,2018-09-26T10:33:13.000,2019-07-23T00:45:09.000
185852163,843001650,SVAC,VACTOR SEWER,,,2018-12-07T09:12:55.000,2019-05-06T00:45:07.000
185861788,843009246,SA24,REPAIR BASIN-MAJOR,,2019-06-24T00:00:00.000,2018-12-31T09:02:03.000,2019-06-30T00:45:09.000
185343708,842362256,SA25,REPAIR CONNECTION,,,2015-11-18T10:07:51.000,2020-04-23T00:45:01.000
185979498,843110786,WA04,REPAIR INOPERATIVE HYDRANT,2019-08-14T11:00:00.000,2019-08-14T11:45:00.000,2019-07-28T09:30:34.000,2019-08-18T00:45:07.000
185932338,843083435,SA26,REPLACE MANHOLE CASTING,2019-06-01T16:00:00.000,2019-06-01T19:00:00.000,2019-05-29T08:30:52.000,2019-06-03T00:45:09.000
186059843,843194070,WA04,REPAIR INOPERATIVE HYDRANT,,,2020-01-06T11:20:00.000,2020-01-07T00:45:02.000
185901885,843144521,WA12I,APPLY HOT PATCH,2020-04-22T12:50:00.000,2020-04-22T13:15:00.000,2019-04-05T14:51:07.000,2020-04-26T00:45:04.000
1776588,1531731,SRB,REPAIR SEWER BREAK (CONTRACT.),,2020-12-03T08:36:00.000,2011-11-15T15:50:04.000,2020-12-04T00:45:01.000
185771263,843083432,SA24,REPAIR BASIN-MAJOR,2019-07-06T00:30:00.000,2019-07-06T03:30:00.000,2019-05-29T08:21:53.000,2019-07-24T00:45:08.000
185771263,843083436,SA22O,INSTALL HOOD & HANGER ON OPEN CURB PIECE,2019-07-06T00:30:00.000,2019-07-06T00:40:00.000,2019-05-29T08:37:37.000,2019-07-24T00:45:08.000
185857231,843078616,SVAC,VACTOR SEWER,2019-05-05T07:00:00.000,2019-05-05T15:30:00.000,2019-05-18T19:06:38.000,2019-05-19T00:45:07.000
185875594,843048426,SGS,GUNITE SEWER,2019-05-11T00:00:00.000,2019-05-18T00:00:00.000,2019-04-06T15:25:42.000,2019-06-26T00:45:06.000
185907027,843085768,WA06R,REPAIR LEAKING VALVE,2019-06-06T08:25:00.000,2019-06-06T10:00:00.000,2019-03-31T09:46:13.000,2019-06-17T00:45:08.000
185861674,843013662,SGM,GUNITE MANHOLE,2019-11-24T00:00:00.000,2019-11-24T00:00:00.000,2019-01-10T12:11:48.000,2019-12-15T00:45:10.000
185763142,842907093,WA10,RESET/REPLACE VALVE BOX,2019-07-01T19:00:00.000,2019-07-01T20:00:00.000,2018-06-12T14:39:47.000,2019-07-06T00:45:08.000
185935007,843082321,WA12Z,OTHER REPAIR,2019-06-01T08:00:00.000,2019-06-01T13:30:00.000,2019-05-26T18:01:06.000,2019-07-02T00:45:13.000
185877083,843022297,SA26,REPLACE MANHOLE CASTING,2019-05-17T02:40:00.000,2019-05-17T05:15:00.000,2019-02-04T17:24:54.000,2019-05-20T00:45:09.000
185777910,842930101,SA23,REPAIR BASIN-MINOR,,2019-07-12T00:00:00.000,2018-07-08T13:56:05.000,2019-07-15T00:45:06.000
1860469,1609373,WA09,REPAIR VALVE- NOTE SIZE,2019-09-10T00:00:00.000,2019-09-10T00:00:00.000,2012-04-08T11:02:45.000,2019-09-11T00:45:08.000
184857054,841833383,SA25,REPAIR CONNECTION,,,2013-06-12T19:14:10.000,2019-10-01T00:45:07.000
184865433,841880539,SA25,REPAIR CONNECTION,,,2013-08-17T20:46:15.000,2019-10-01T00:45:07.000
184874849,841883928,SA25,REPAIR CONNECTION,,,2013-08-26T10:15:50.000,2019-10-01T00:45:07.000
184909139,841885805,SA25,REPAIR CONNECTION,,,2013-08-31T15:41:47.000,2019-10-01T00:45:07.000
184998208,842047887,SA25,REPAIR CONNECTION,,,2014-04-08T14:54:08.000,2019-10-01T00:45:07.000
185994648,843122868,SS4,ENGINEERING STUDY(USE COMNTS),2020-02-02T11:10:00.000,2020-03-02T11:10:00.000,2019-08-27T09:57:11.000,2020-03-05T00:45:02.000
185921489,843073271,SRB,REPAIR SEWER BREAK (CONTRACT.),2019-05-27T00:00:00.000,2019-05-27T00:00:00.000,2019-05-07T10:22:23.000,2019-06-26T00:45:06.000
186059983,843193696,SA12R,CAVE IN RESTORATION,,,2020-01-05T12:35:17.000,2020-01-07T00:45:02.000
185932160,843076074,WL3D,ISSUE 3-DAY NOTICE,2019-05-29T09:00:00.000,2019-05-29T09:05:00.000,2019-05-14T12:50:54.000,2019-06-06T00:45:09.000
185840192,842989816,SA24,REPAIR BASIN-MAJOR,,2019-06-17T20:18:00.000,2018-11-10T11:05:47.000,2019-06-18T00:45:09.000
185932210,843075998,WL3D,ISSUE 3-DAY NOTICE,2019-05-29T08:00:00.000,2019-05-29T08:00:00.000,2019-05-14T11:34:47.000,2019-06-02T00:45:08.000
185908756,843046402,WA02,REPAIR HYDRANT-MAJOR,2019-06-06T12:00:00.000,2019-06-06T15:30:00.000,2019-04-02T11:16:00.000,2019-06-10T00:45:08.000
185840543,842989556,WA04,REPAIR INOPERATIVE HYDRANT,2019-06-17T11:00:00.000,2019-06-17T11:30:00.000,2018-11-09T15:51:16.000,2019-06-24T00:45:09.000
185886300,843035759,WA06A,SHUT TAP/WET CON. /NON-COMP.,2019-05-14T18:20:00.000,2019-05-14T22:30:00.000,2019-03-02T08:51:14.000,2019-05-20T00:45:09.000
185661520,842994606,SMRTV,REEL TV SEWER HOUSE CONNECTION,,,2018-11-20T11:38:18.000,2020-02-03T00:45:02.000
185734406,843133733,SMRTV,REEL TV SEWER HOUSE CONNECTION,2019-09-13T09:55:00.000,2019-09-13T10:30:00.000,2019-09-14T16:13:50.000,2019-09-15T00:45:10.000
185979705,843110729,WL3D,ISSUE 3-DAY NOTICE,2019-07-27T15:15:00.000,2019-08-02T14:45:00.000,2019-07-27T18:48:00.000,2019-08-22T00:45:28.000
185979537,843114191,SA12F,APPLY COLD PATCH,2019-08-11T02:30:00.000,2019-08-11T03:00:00.000,2019-08-07T11:56:37.000,2019-08-13T00:45:08.000
185888637,843039237,SA24,REPAIR BASIN-MAJOR,2008-01-20T16:00:00.000,2019-05-14T22:00:00.000,2019-03-13T10:45:56.000,2019-05-19T00:45:07.000
185812564,842964025,SA24,REPAIR BASIN-MAJOR,2019-09-01T08:00:00.000,2019-09-01T11:00:00.000,2018-09-16T12:38:53.000,2019-09-04T00:45:11.000
185953762,843104317,SA26,REPLACE MANHOLE CASTING,2020-01-04T16:30:00.000,2020-01-04T19:00:00.000,2019-07-06T17:56:49.000,2020-01-19T00:45:01.000
185837091,843086597,WA12I,APPLY HOT PATCH,2019-07-21T11:40:00.000,2019-07-21T11:51:00.000,2018-11-08T12:15:11.000,2019-07-23T00:45:09.000
185884982,843027445,SCCP,RESET CURB PIECE,2019-05-11T11:00:00.000,2019-05-11T11:30:00.000,2019-02-19T12:34:35.000,2019-05-25T00:45:09.000
185970468,843107586,WA05,REPAIR OPERATIVE HYDRANT,2019-10-01T10:00:00.000,2019-10-01T10:30:00.000,2019-07-16T13:39:09.000,2019-10-07T00:45:09.000
185889882,843052191,SGS,GUNITE SEWER,2019-04-27T00:00:00.000,2019-05-15T00:00:00.000,2019-04-16T09:12:48.000,2019-06-26T00:45:06.000
185820848,843083351,WA12I,APPLY HOT PATCH,2019-07-14T10:20:00.000,2019-07-14T10:45:00.000,2018-09-27T13:20:14.000,2019-07-16T00:45:12.000
185799468,842945328,SA23,REPAIR BASIN-MINOR,,2019-07-12T00:00:00.000,2018-08-13T12:42:57.000,2019-07-15T00:45:06.000
185923135,843089431,SCC,CLEAN CATCH BASIN/INLET,2019-05-22T12:35:00.000,2019-05-26T14:00:00.000,2019-06-12T10:59:13.000,2019-06-13T00:45:09.000
185923135,843089432,SCC,CLEAN CATCH BASIN/INLET,2019-05-22T12:35:00.000,2019-05-26T14:00:00.000,2019-06-12T10:59:13.000,2019-06-13T00:45:09.000
185053843,842130304,SA25,REPAIR CONNECTION,,2021-02-18T12:06:00.000,2014-08-20T15:58:10.000,2021-02-19T00:45:02.000
185034435,842090157,SA25,REPAIR CONNECTION,,,2014-06-16T10:16:45.000,2019-10-01T00:45:07.000
185052267,842093108,SA25,REPAIR CONNECTION,2016-06-03T12:55:00.000,,2014-06-23T10:17:45.000,2019-10-01T00:45:07.000
185052284,842091221,SA25,REPAIR CONNECTION,,,2014-06-18T13:46:45.000,2019-10-01T00:45:07.000
185766648,842989001,SGS,GUNITE SEWER,2019-05-04T00:00:00.000,2019-05-15T00:00:00.000,2018-11-07T10:44:30.000,2019-06-26T00:45:06.000
185736914,842888887,WA09,REPAIR VALVE- NOTE SIZE,2019-05-28T17:58:00.000,2019-25-28T17:58:00.000,2018-05-03T08:43:26.000,2019-05-29T00:45:03.000
186053175,843188985,WLDSC,SCAN WATER MAINS- LEAK DET.,2019-12-17T08:55:00.000,2019-12-17T11:05:00.000,2019-12-21T09:10:06.000,2019-12-22T00:45:01.000
185879676,843106158,SMPC,POLE CAMERA,2019-07-17T07:17:00.000,2019-07-17T07:17:00.000,2019-07-13T12:22:35.000,2019-08-01T00:45:11.000
185874449,843019975,SA26,REPLACE MANHOLE CASTING,2019-06-23T00:00:00.000,2019-06-23T03:00:00.000,2019-01-28T13:02:01.000,2019-07-29T00:45:11.000
186009674,843140337,WA01A,REPLACE BROKEN MAIN,,2019-11-17T07:00:00.000,2019-09-24T10:57:07.000,2019-11-18T00:45:09.000
185749804,842895473,SA26,REPLACE MANHOLE CASTING,2019-09-16T00:00:00.000,2019-09-16T00:00:00.000,2018-05-19T02:05:13.000,2019-09-18T00:45:10.000
185876700,843024414,SA26,REPLACE MANHOLE CASTING,2019-09-20T08:30:00.000,2019-09-20T10:30:00.000,2019-02-11T13:11:09.000,2019-10-12T00:45:12.000
185971050,843143360,SA12R,CAVE IN RESTORATION,2019-10-01T11:30:00.000,2019-10-02T00:00:00.000,2019-10-01T14:11:43.000,2019-10-07T00:45:09.000
186043776,843169769,SA26,REPLACE MANHOLE CASTING,,,2019-11-20T11:29:42.000,2019-11-22T00:45:09.000
185965235,843120541,SCC,CLEAN CATCH BASIN/INLET,2019-08-23T11:30:00.000,2019-08-23T12:35:00.000,2019-08-25T10:09:17.000,2019-08-26T00:45:09.000
185959047,843184612,SA12R,CAVE IN RESTORATION,2019-07-15T12:40:00.000,,2019-12-09T15:39:54.000,2019-12-10T00:45:02.000
185712301,842883484,SPLATE,Install Steel Plate,,2019-10-22T00:00:00.000,2018-04-25T18:42:23.000,2019-10-31T00:45:07.000
185712301,842883485,SPLATE,Install Steel Plate,,2019-10-22T00:00:00.000,2018-04-25T18:42:23.000,2019-10-31T00:45:07.000
185894624,843059845,WA03,INSTALL TOP SECTION,2019-05-22T08:20:00.000,2019-05-22T09:05:00.000,2019-05-03T11:32:20.000,2019-05-27T00:45:08.000
185185024,842206266,SA26,REPLACE MANHOLE CASTING,2019-08-21T08:00:00.000,2019-08-21T08:00:00.000,2015-01-23T18:29:00.000,2019-08-24T00:45:39.000
185907760,843044772,SA21,REPLACE CURB PIECE,,,2019-03-30T08:01:24.000,2019-06-02T00:45:08.000
185897117,843038747,WA10,RESET/REPLACE VALVE BOX,2019-05-22T16:30:00.000,2019-05-22T20:00:00.000,2019-03-11T15:33:49.000,2019-05-30T00:45:06.000
185801633,843023472,SRB,REPAIR SEWER BREAK (CONTRACT.),2019-05-26T07:00:00.000,2019-06-10T15:00:00.000,2019-02-09T10:37:40.000,2019-06-26T00:45:06.000
185986461,843113610,SSFC,FLUSH PAST HOUSE CONNECTION,2019-08-11T09:45:00.000,2019-08-11T10:30:00.000,2019-08-06T01:42:24.000,2019-08-13T00:45:08.000
185827945,842988416,CCTV,CLOSE CIRCUIT TV,2019-05-14T00:00:00.000,2019-05-14T00:00:00.000,2018-11-05T17:50:56.000,2019-06-10T00:45:08.000
185933186,843084505,SCC,CLEAN CATCH BASIN/INLET,2019-05-29T07:55:00.000,2019-05-29T08:20:00.000,2019-06-01T15:00:57.000,2019-06-02T00:45:08.000
185800990,842990864,SRL,LINE SEWER (CONTRACTOR),9999-04-27T07:00:00.000,2019-05-07T15:00:00.000,2018-11-12T12:00:19.000,2019-05-21T00:45:09.000
185933186,843084506,SCC,CLEAN CATCH BASIN/INLET,2019-05-29T07:55:00.000,2019-05-29T08:20:00.000,2019-06-01T15:00:57.000,2019-06-02T00:45:08.000
